{
  "@id": "99999-cp4mc9723sd",
  "@type": "koio:KnowledgeObject",
  "identifier": "ark:/99999/cp4mc9723sd",
  "version": "v0.2.0",
  "title": "CPIC CYP2D6 fluvoxamine Recommendations Implementation",
  "description": "KGrid CPIC guidelines CYP2D6 Phenotype to fluvoxamine Recommendation",
  "keywords": ["CPIC", "CYP2D6", "fluvoxamine", "Recommendation"],
  "hasServiceSpecification": "service.yaml",
  "hasDeploymentSpecification": "deployment.yaml",
  "hasPayload": "recommendation.js",
  "@context": [
    "http://kgrid.org/koio/contexts/knowledgeobject.jsonld"
  ]
}
